ts,src_ip,src_port,dst_ip,dst_port,proto,duration,orig_bytes,resp_bytes,ts_datetime,ts_datetime_norm,ts_datetime_norm_rounded,Label,Event_IDs
1757931039.10662,192.168.3.10,53744,192.168.2.23,1515,tcp,0.003631,506,1993,2025-09-15 10:10:39.106620073,2025-09-15 12:10:39.106620073,2025-09-15 12:10:39,benign,
1757931070.677213,192.168.0.10,35084,192.168.2.10,135,tcp,0.000297,0,0,2025-09-15 10:11:10.677212954,2025-09-15 12:11:10.677212954,2025-09-15 12:11:11,TCPScanEvent,"1089,1114,1118"
1757931070.677244,192.168.0.10,53872,192.168.2.20,22,tcp,0.000288,0,0,2025-09-15 10:11:10.677243948,2025-09-15 12:11:10.677243948,2025-09-15 12:11:11,TCPScanEvent,"1115,1117"
1757931070.677255,192.168.0.10,34644,192.168.2.10,443,tcp,0.000374,0,0,2025-09-15 10:11:10.677254915,2025-09-15 12:11:10.677254915,2025-09-15 12:11:11,TCPScanEvent,"1089,1114,1118"
1757931070.677311,192.168.0.10,38112,192.168.2.20,80,tcp,0.000391,0,0,2025-09-15 10:11:10.677310944,2025-09-15 12:11:10.677310944,2025-09-15 12:11:11,TCPScanEvent,"1086,1087,1090,1115,1117"
1757931070.677325,192.168.0.10,49344,192.168.2.10,445,tcp,0.000421,0,0,2025-09-15 10:11:10.677325010,2025-09-15 12:11:10.677325010,2025-09-15 12:11:11,TCPScanEvent,"1089,1114,1118"
1757931070.677349,192.168.0.10,60808,192.168.2.10,2222,tcp,0.000432,0,0,2025-09-15 10:11:10.677349091,2025-09-15 12:11:10.677349091,2025-09-15 12:11:11,TCPScanEvent,"1089,1114,1118"
1757931070.677582,192.168.0.10,47556,192.168.2.10,3306,tcp,0.000396,0,0,2025-09-15 10:11:10.677582026,2025-09-15 12:11:10.677582026,2025-09-15 12:11:11,TCPScanEvent,"1089,1114,1118"
1757931070.677584,192.168.0.10,38622,192.168.2.20,135,tcp,0.000414,0,0,2025-09-15 10:11:10.677583933,2025-09-15 12:11:10.677583933,2025-09-15 12:11:11,TCPScanEvent,"1115,1117"
1757931070.677661,192.168.0.10,55032,192.168.2.20,443,tcp,0.000359,0,0,2025-09-15 10:11:10.677660942,2025-09-15 12:11:10.677660942,2025-09-15 12:11:11,TCPScanEvent,"1115,1117"
1757931070.677666,192.168.0.10,37644,192.168.2.10,3389,tcp,0.000371,0,0,2025-09-15 10:11:10.677665949,2025-09-15 12:11:10.677665949,2025-09-15 12:11:11,TCPScanEvent,"1089,1114,1118"
1757931070.6777,192.168.0.10,50226,192.168.2.20,445,tcp,0.000393,0,0,2025-09-15 10:11:10.677700043,2025-09-15 12:11:10.677700043,2025-09-15 12:11:11,TCPScanEvent,"1115,1117"
1757931070.677793,192.168.0.10,37782,192.168.2.10,5985,tcp,0.000324,0,0,2025-09-15 10:11:10.677793026,2025-09-15 12:11:10.677793026,2025-09-15 12:11:11,TCPScanEvent,"1089,1114,1118"
1757931070.67798,192.168.0.10,46728,192.168.2.20,2222,tcp,0.000268,0,0,2025-09-15 10:11:10.677979946,2025-09-15 12:11:10.677979946,2025-09-15 12:11:11,TCPScanEvent,"1115,1117"
1757931070.678044,192.168.0.10,44724,192.168.2.10,5986,tcp,0.000225,0,0,2025-09-15 10:11:10.678044081,2025-09-15 12:11:10.678044081,2025-09-15 12:11:11,TCPScanEvent,"1089,1114,1118"
1757931070.678092,192.168.0.10,40856,192.168.2.20,3306,tcp,0.000217,0,0,2025-09-15 10:11:10.678092003,2025-09-15 12:11:10.678092003,2025-09-15 12:11:11,TCPScanEvent,"1115,1117"
1757931070.678179,192.168.0.10,43500,192.168.2.20,3389,tcp,0.000274,0,0,2025-09-15 10:11:10.678179026,2025-09-15 12:11:10.678179026,2025-09-15 12:11:11,TCPScanEvent,"1115,1117"
1757931070.678195,192.168.0.10,60568,192.168.2.10,7001,tcp,0.000278,0,0,2025-09-15 10:11:10.678195000,2025-09-15 12:11:10.678195000,2025-09-15 12:11:11,TCPScanEvent,"1089,1114,1118"
1757931070.678226,192.168.0.10,55168,192.168.2.10,8008,tcp,0.000287,0,0,2025-09-15 10:11:10.678225994,2025-09-15 12:11:10.678225994,2025-09-15 12:11:11,TCPScanEvent,"1089,1114,1118"
1757931070.678227,192.168.0.10,51426,192.168.2.20,5985,tcp,0.000302,0,0,2025-09-15 10:11:10.678226948,2025-09-15 12:11:10.678226948,2025-09-15 12:11:11,TCPScanEvent,"1115,1117"
1757931070.678376,192.168.0.10,40086,192.168.2.10,8080,tcp,0.000328,0,0,2025-09-15 10:11:10.678375959,2025-09-15 12:11:10.678375959,2025-09-15 12:11:11,TCPScanEvent,"1089,1114,1118"
1757931070.678388,192.168.0.10,51514,192.168.2.20,5986,tcp,0.000346,0,0,2025-09-15 10:11:10.678388119,2025-09-15 12:11:10.678388119,2025-09-15 12:11:11,TCPScanEvent,"1115,1117"
1757931070.678396,192.168.0.10,60522,192.168.2.10,8088,tcp,0.000391,0,0,2025-09-15 10:11:10.678395987,2025-09-15 12:11:10.678395987,2025-09-15 12:11:11,TCPScanEvent,"1089,1114,1118"
1757931070.678412,192.168.0.10,59536,192.168.2.10,8983,tcp,0.000392,0,0,2025-09-15 10:11:10.678411961,2025-09-15 12:11:10.678411961,2025-09-15 12:11:11,TCPScanEvent,"1089,1114,1118"
1757931070.678412,192.168.0.10,43530,192.168.2.20,7001,tcp,0.000406,0,0,2025-09-15 10:11:10.678411961,2025-09-15 12:11:10.678411961,2025-09-15 12:11:11,TCPScanEvent,"1115,1117"
1757931070.678493,192.168.0.10,48744,192.168.2.20,8008,tcp,0.000406,0,0,2025-09-15 10:11:10.678493023,2025-09-15 12:11:10.678493023,2025-09-15 12:11:11,TCPScanEvent,"1115,1117"
1757931070.678592,192.168.0.10,45694,192.168.2.20,8088,tcp,0.000379,0,0,2025-09-15 10:11:10.678591967,2025-09-15 12:11:10.678591967,2025-09-15 12:11:11,TCPScanEvent,"1115,1117"
1757931070.678615,192.168.0.10,35652,192.168.2.20,8983,tcp,0.000372,0,0,2025-09-15 10:11:10.678615093,2025-09-15 12:11:10.678615093,2025-09-15 12:11:11,TCPScanEvent,"1115,1117"
1757931073.603724,192.168.0.10,35032,192.168.3.10,135,tcp,7.7e-05,0,0,2025-09-15 10:11:13.603724003,2025-09-15 12:11:13.603724003,2025-09-15 12:11:14,TCPScanEvent,"1081,1082,1083"
1757931073.603781,192.168.0.10,39858,192.168.3.10,443,tcp,0.00012,0,0,2025-09-15 10:11:13.603780985,2025-09-15 12:11:13.603780985,2025-09-15 12:11:14,TCPScanEvent,"1081,1082,1083"
1757931073.603819,192.168.0.10,36496,192.168.3.10,445,tcp,0.000113,0,0,2025-09-15 10:11:13.603818893,2025-09-15 12:11:13.603818893,2025-09-15 12:11:14,TCPScanEvent,"1081,1082,1083"
1757931073.603843,192.168.0.10,34722,192.168.3.10,2222,tcp,0.000203,0,0,2025-09-15 10:11:13.603842974,2025-09-15 12:11:13.603842974,2025-09-15 12:11:14,TCPScanEvent,"1081,1082,1083"
1757931073.603865,192.168.0.10,53110,192.168.3.10,3306,tcp,0.000246,0,0,2025-09-15 10:11:13.603864908,2025-09-15 12:11:13.603864908,2025-09-15 12:11:14,TCPScanEvent,"1081,1082,1083"
1757931073.603887,192.168.0.10,34738,192.168.3.10,3389,tcp,0.000269,0,0,2025-09-15 10:11:13.603887081,2025-09-15 12:11:13.603887081,2025-09-15 12:11:14,TCPScanEvent,"1081,1082,1083"
1757931073.60391,192.168.0.10,46486,192.168.3.10,5985,tcp,0.000294,0,0,2025-09-15 10:11:13.603909969,2025-09-15 12:11:13.603909969,2025-09-15 12:11:14,TCPScanEvent,"1081,1082,1083"
1757931073.603932,192.168.0.10,56354,192.168.3.10,5986,tcp,0.000353,0,0,2025-09-15 10:11:13.603931904,2025-09-15 12:11:13.603931904,2025-09-15 12:11:14,TCPScanEvent,"1081,1082,1083"
1757931073.603953,192.168.0.10,58582,192.168.3.10,7001,tcp,0.000376,0,0,2025-09-15 10:11:13.603952885,2025-09-15 12:11:13.603952885,2025-09-15 12:11:14,TCPScanEvent,"1081,1082,1083"
1757931073.603975,192.168.0.10,33142,192.168.3.10,8008,tcp,0.000395,0,0,2025-09-15 10:11:13.603975058,2025-09-15 12:11:13.603975058,2025-09-15 12:11:14,TCPScanEvent,"1081,1082,1083"
1757931073.603995,192.168.0.10,39102,192.168.3.10,8080,tcp,0.000395,0,0,2025-09-15 10:11:13.603995085,2025-09-15 12:11:13.603995085,2025-09-15 12:11:14,TCPScanEvent,"1081,1082,1083"
1757931073.604021,192.168.0.10,52332,192.168.3.10,8088,tcp,0.000385,0,0,2025-09-15 10:11:13.604021072,2025-09-15 12:11:13.604021072,2025-09-15 12:11:14,TCPScanEvent,"1081,1082,1083"
1757931073.604041,192.168.0.10,33546,192.168.3.10,8983,tcp,0.00038,0,0,2025-09-15 10:11:13.604041100,2025-09-15 12:11:13.604041100,2025-09-15 12:11:14,TCPScanEvent,"1081,1082,1083"
1757931070.677092,192.168.0.10,50810,192.168.2.10,80,tcp,3.002823,0,0,2025-09-15 10:11:10.677092075,2025-09-15 12:11:10.677092075,2025-09-15 12:11:11,TCPScanEvent,"1084,1085,1088,1089,1114,1118"
1757931070.677063,192.168.0.10,46786,192.168.2.10,22,tcp,3.003332,0,41,2025-09-15 10:11:10.677062988,2025-09-15 12:11:10.677062988,2025-09-15 12:11:11,TCPScanEvent,"1089,1114,1118"
1757931073.684042,192.168.0.10,48036,192.168.2.10,80,tcp,0.004319,517,406,2025-09-15 10:11:13.684041977,2025-09-15 12:11:13.684041977,2025-09-15 12:11:14,TCPScanEvent,"1084,1085,1088,1089,1114,1118"
1757931073.69289,192.168.0.10,48042,192.168.2.10,80,tcp,0.002379,144,281,2025-09-15 10:11:13.692889929,2025-09-15 12:11:13.692889929,2025-09-15 12:11:14,TCPScanEvent,"1084,1085,1088,1089,1114,1118"
1757931070.678539,192.168.0.10,60932,192.168.2.20,8080,tcp,3.024339,0,0,2025-09-15 10:11:10.678539038,2025-09-15 12:11:10.678539038,2025-09-15 12:11:11,TCPScanEvent,"1115,1117"
1757931073.685887,192.168.0.10,52800,192.168.2.20,8080,tcp,0.037693,517,2320,2025-09-15 10:11:13.685887098,2025-09-15 12:11:13.685887098,2025-09-15 12:11:14,TCPScanEvent,"1115,1117"
1757931073.726253,192.168.0.10,52804,192.168.2.20,8080,tcp,1.089414,149,235,2025-09-15 10:11:13.726253033,2025-09-15 12:11:13.726253033,2025-09-15 12:11:14,TCPScanEvent,"1115,1117"
1757931073.603563,192.168.0.10,44582,192.168.3.10,80,tcp,3.00242,0,0,2025-09-15 10:11:13.603563070,2025-09-15 12:11:13.603563070,2025-09-15 12:11:14,TCPScanEvent,"1078,1079,1080,1081,1082,1083"
1757931073.603392,192.168.0.10,40938,192.168.3.10,22,tcp,3.003194,0,41,2025-09-15 10:11:13.603391886,2025-09-15 12:11:13.603391886,2025-09-15 12:11:14,TCPScanEvent,"1081,1082,1083"
1757931076.608373,192.168.0.10,44586,192.168.3.10,80,tcp,0.00091,517,406,2025-09-15 10:11:16.608372927,2025-09-15 12:11:16.608372927,2025-09-15 12:11:17,TCPScanEvent,"1078,1079,1080,1081,1082,1083"
1757931076.610201,192.168.0.10,44592,192.168.3.10,80,tcp,0.004621,144,281,2025-09-15 10:11:16.610200882,2025-09-15 12:11:16.610200882,2025-09-15 12:11:17,TCPScanEvent,"1078,1079,1080,1081,1082,1083"
1757931079.894988,192.168.0.10,47270,192.168.2.10,8000,tcp,0.000171,0,0,2025-09-15 10:11:19.894988060,2025-09-15 12:11:19.894988060,2025-09-15 12:11:20,benign,
1757931079.898648,192.168.0.10,47282,192.168.2.10,8000,tcp,0.000135,0,0,2025-09-15 10:11:19.898648024,2025-09-15 12:11:19.898648024,2025-09-15 12:11:20,benign,
1757931079.900674,192.168.0.10,47286,192.168.2.10,8000,tcp,0.000105,0,0,2025-09-15 10:11:19.900674105,2025-09-15 12:11:19.900674105,2025-09-15 12:11:20,benign,
1757931079.903048,192.168.0.10,45414,192.168.2.10,9600,tcp,0.000123,0,0,2025-09-15 10:11:19.903048038,2025-09-15 12:11:19.903048038,2025-09-15 12:11:20,benign,
1757931079.904975,192.168.0.10,45418,192.168.2.10,9600,tcp,0.000125,0,0,2025-09-15 10:11:19.904974937,2025-09-15 12:11:19.904974937,2025-09-15 12:11:20,benign,
1757931079.906734,192.168.0.10,45430,192.168.2.10,9600,tcp,0.000121,0,0,2025-09-15 10:11:19.906733990,2025-09-15 12:11:19.906733990,2025-09-15 12:11:20,benign,
1757931080.910999,192.168.0.10,32786,192.168.2.20,8000,tcp,0.000189,0,0,2025-09-15 10:11:20.910999060,2025-09-15 12:11:20.910999060,2025-09-15 12:11:21,benign,
1757931080.915332,192.168.0.10,32794,192.168.2.20,8000,tcp,0.000179,0,0,2025-09-15 10:11:20.915332079,2025-09-15 12:11:20.915332079,2025-09-15 12:11:21,benign,
1757931080.917823,192.168.0.10,32798,192.168.2.20,8000,tcp,0.000121,0,0,2025-09-15 10:11:20.917823076,2025-09-15 12:11:20.917823076,2025-09-15 12:11:21,benign,
1757931080.920702,192.168.0.10,39108,192.168.2.20,9600,tcp,0.000126,0,0,2025-09-15 10:11:20.920701981,2025-09-15 12:11:20.920701981,2025-09-15 12:11:21,benign,
1757931080.923142,192.168.0.10,39122,192.168.2.20,9600,tcp,0.000116,0,0,2025-09-15 10:11:20.923141956,2025-09-15 12:11:20.923141956,2025-09-15 12:11:21,benign,
1757931080.925343,192.168.0.10,39134,192.168.2.20,9600,tcp,0.000155,0,0,2025-09-15 10:11:20.925343037,2025-09-15 12:11:20.925343037,2025-09-15 12:11:21,benign,
1757931080.928504,192.168.0.10,52808,192.168.2.20,8080,tcp,0.003953,235,959,2025-09-15 10:11:20.928503990,2025-09-15 12:11:20.928503990,2025-09-15 12:11:21,log4shell_exploitation_log4shell-exploiter-_attack-t1203-_attack-t1110,"1036,1077"
1757931080.541596,192.168.0.10,42382,192.168.2.10,22,tcp,0.483594,15565832,51281,2025-09-15 10:11:20.541595936,2025-09-15 12:11:20.541595936,2025-09-15 12:11:21,ssh_exploitation_ssh-exploiter-_attack-t1021-_attack-t1105-_attack-t1222-_attack-t1059,"1075,1076"
1757931081.80361,192.168.2.10,49148,192.168.0.10,8080,tcp,0.0547,783,2128,2025-09-15 10:11:21.803610086,2025-09-15 12:11:21.803610086,2025-09-15 12:11:22,benign,
1757931081.802308,192.168.2.10,47088,192.168.0.11,5000,tcp,0.056583,783,2128,2025-09-15 10:11:21.802308083,2025-09-15 12:11:21.802308083,2025-09-15 12:11:22,benign,
1757931082.634888,192.168.0.10,55302,192.168.3.10,8000,tcp,0.000186,0,0,2025-09-15 10:11:22.634887934,2025-09-15 12:11:22.634887934,2025-09-15 12:11:23,benign,
1757931082.639212,192.168.0.10,55308,192.168.3.10,8000,tcp,0.000122,0,0,2025-09-15 10:11:22.639211893,2025-09-15 12:11:22.639211893,2025-09-15 12:11:23,benign,
1757931082.641581,192.168.0.10,55324,192.168.3.10,8000,tcp,0.000118,0,0,2025-09-15 10:11:22.641581059,2025-09-15 12:11:22.641581059,2025-09-15 12:11:23,benign,
1757931082.644535,192.168.0.10,60672,192.168.3.10,9600,tcp,0.000132,0,0,2025-09-15 10:11:22.644535065,2025-09-15 12:11:22.644535065,2025-09-15 12:11:23,benign,
1757931082.647306,192.168.0.10,60682,192.168.3.10,9600,tcp,0.000111,0,0,2025-09-15 10:11:22.647305965,2025-09-15 12:11:22.647305965,2025-09-15 12:11:23,benign,
1757931082.649788,192.168.0.10,60698,192.168.3.10,9600,tcp,0.000143,0,0,2025-09-15 10:11:22.649787903,2025-09-15 12:11:22.649787903,2025-09-15 12:11:23,benign,
1757931083.369878,192.168.0.10,46502,192.168.3.10,22,tcp,0.434773,15565832,51233,2025-09-15 10:11:23.369878054,2025-09-15 12:11:23.369878054,2025-09-15 12:11:23,ssh_exploitation_ssh-exploiter-_attack-t1021-_attack-t1105-_attack-t1222-_attack-t1059,"1057,1072"
1757931081.911116,192.168.2.10,49152,192.168.0.10,8080,tcp,2.69132,41,0,2025-09-15 10:11:21.911115885,2025-09-15 12:11:21.911115885,2025-09-15 12:11:22,benign,
1757931084.600755,192.168.3.10,40060,192.168.0.11,5000,tcp,0.049381,783,2128,2025-09-15 10:11:24.600754976,2025-09-15 12:11:24.600754976,2025-09-15 12:11:25,benign,
1757931084.602051,192.168.3.10,48038,192.168.0.10,8080,tcp,0.051996,783,2128,2025-09-15 10:11:24.602051020,2025-09-15 12:11:24.602051020,2025-09-15 12:11:25,benign,
1757931085.950005,192.168.0.10,33238,192.168.2.20,8080,tcp,0.003695,344,987,2025-09-15 10:11:25.950005054,2025-09-15 12:11:25.950005054,2025-09-15 12:11:26,log4shell_exploitation_log4shell-exploiter-_attack-t1203-_attack-t1110,"966,1036"
1757931086.027289,192.168.3.10,51034,192.168.2.20,22,tcp,0.000184,0,0,2025-09-15 10:11:26.027288914,2025-09-15 12:11:26.027288914,2025-09-15 12:11:26,TCPScanEvent,"1017,1019"
1757931086.028099,192.168.3.10,35856,192.168.2.20,80,tcp,0.000151,0,0,2025-09-15 10:11:26.028099060,2025-09-15 12:11:26.028099060,2025-09-15 12:11:26,TCPScanEvent,"967,968,969,1017,1019"
1757931086.029159,192.168.3.10,47064,192.168.2.20,135,tcp,0.00023,0,0,2025-09-15 10:11:26.029159069,2025-09-15 12:11:26.029159069,2025-09-15 12:11:26,TCPScanEvent,"1017,1019"
1757931086.029224,192.168.3.10,33694,192.168.2.20,443,tcp,0.000292,0,0,2025-09-15 10:11:26.029223919,2025-09-15 12:11:26.029223919,2025-09-15 12:11:26,TCPScanEvent,"1017,1019"
1757931086.029567,192.168.3.10,54926,192.168.2.20,445,tcp,0.000132,0,0,2025-09-15 10:11:26.029567003,2025-09-15 12:11:26.029567003,2025-09-15 12:11:26,TCPScanEvent,"1017,1019"
1757931086.029776,192.168.3.10,37700,192.168.2.20,2222,tcp,0.000115,0,0,2025-09-15 10:11:26.029776096,2025-09-15 12:11:26.029776096,2025-09-15 12:11:26,TCPScanEvent,"1017,1019"
1757931086.03095,192.168.3.10,36328,192.168.2.20,3306,tcp,0.000111,0,0,2025-09-15 10:11:26.030950069,2025-09-15 12:11:26.030950069,2025-09-15 12:11:26,TCPScanEvent,"1017,1019"
1757931086.031372,192.168.3.10,49526,192.168.2.20,3389,tcp,0.000126,0,0,2025-09-15 10:11:26.031372070,2025-09-15 12:11:26.031372070,2025-09-15 12:11:26,TCPScanEvent,"1017,1019"
1757931086.031794,192.168.3.10,32962,192.168.2.20,5985,tcp,0.000102,0,0,2025-09-15 10:11:26.031794071,2025-09-15 12:11:26.031794071,2025-09-15 12:11:26,TCPScanEvent,"1017,1019"
1757931086.032972,192.168.3.10,56982,192.168.2.20,5986,tcp,0.000158,0,0,2025-09-15 10:11:26.032972097,2025-09-15 12:11:26.032972097,2025-09-15 12:11:26,TCPScanEvent,"1017,1019"
1757931086.033238,192.168.3.10,43952,192.168.2.20,7001,tcp,9.3e-05,0,0,2025-09-15 10:11:26.033237933,2025-09-15 12:11:26.033237933,2025-09-15 12:11:26,TCPScanEvent,"1017,1019"
1757931086.033737,192.168.3.10,44622,192.168.2.20,8008,tcp,8.1e-05,0,0,2025-09-15 10:11:26.033736944,2025-09-15 12:11:26.033736944,2025-09-15 12:11:26,TCPScanEvent,"1017,1019"
1757931086.033968,192.168.3.10,53414,192.168.2.20,8088,tcp,0.000183,0,0,2025-09-15 10:11:26.033967972,2025-09-15 12:11:26.033967972,2025-09-15 12:11:26,TCPScanEvent,"1017,1019"
1757931086.034684,192.168.3.10,40772,192.168.2.20,8983,tcp,0.000169,0,0,2025-09-15 10:11:26.034683943,2025-09-15 12:11:26.034683943,2025-09-15 12:11:26,TCPScanEvent,"1017,1019"
1757931086.072311,192.168.3.10,59596,192.168.2.10,135,tcp,0.000104,0,0,2025-09-15 10:11:26.072310925,2025-09-15 12:11:26.072310925,2025-09-15 12:11:26,TCPScanEvent,"955,1016,1022"
1757931086.072473,192.168.3.10,56524,192.168.2.10,443,tcp,8.5e-05,0,0,2025-09-15 10:11:26.072473049,2025-09-15 12:11:26.072473049,2025-09-15 12:11:26,TCPScanEvent,"955,1016,1022"
1757931086.072559,192.168.3.10,32800,192.168.2.10,445,tcp,7.3e-05,0,0,2025-09-15 10:11:26.072559118,2025-09-15 12:11:26.072559118,2025-09-15 12:11:26,TCPScanEvent,"955,1016,1022"
1757931086.072636,192.168.3.10,47176,192.168.2.10,2222,tcp,5.7e-05,0,0,2025-09-15 10:11:26.072635889,2025-09-15 12:11:26.072635889,2025-09-15 12:11:26,TCPScanEvent,"955,1016,1022"
1757931086.072651,192.168.3.10,53724,192.168.2.10,3306,tcp,0.0002,0,0,2025-09-15 10:11:26.072650909,2025-09-15 12:11:26.072650909,2025-09-15 12:11:26,TCPScanEvent,"955,1016,1022"
1757931086.072666,192.168.3.10,51990,192.168.2.10,3389,tcp,0.000215,0,0,2025-09-15 10:11:26.072665930,2025-09-15 12:11:26.072665930,2025-09-15 12:11:26,TCPScanEvent,"955,1016,1022"
1757931086.07268,192.168.3.10,44320,192.168.2.10,5985,tcp,0.00029,0,0,2025-09-15 10:11:26.072679996,2025-09-15 12:11:26.072679996,2025-09-15 12:11:26,TCPScanEvent,"955,1016,1022"
1757931086.072695,192.168.3.10,59168,192.168.2.10,5986,tcp,0.000394,0,0,2025-09-15 10:11:26.072695017,2025-09-15 12:11:26.072695017,2025-09-15 12:11:26,TCPScanEvent,"955,1016,1022"
1757931086.072709,192.168.3.10,56882,192.168.2.10,7001,tcp,0.000401,0,0,2025-09-15 10:11:26.072709084,2025-09-15 12:11:26.072709084,2025-09-15 12:11:26,TCPScanEvent,"955,1016,1022"
1757931086.072722,192.168.3.10,33128,192.168.2.10,8008,tcp,0.000401,0,0,2025-09-15 10:11:26.072721958,2025-09-15 12:11:26.072721958,2025-09-15 12:11:26,TCPScanEvent,"955,1016,1022"
1757931086.072752,192.168.3.10,33904,192.168.2.10,8088,tcp,0.000404,0,0,2025-09-15 10:11:26.072751999,2025-09-15 12:11:26.072751999,2025-09-15 12:11:26,TCPScanEvent,"955,1016,1022"
1757931086.072765,192.168.3.10,38710,192.168.2.10,8983,tcp,0.000403,0,0,2025-09-15 10:11:26.072765112,2025-09-15 12:11:26.072765112,2025-09-15 12:11:26,TCPScanEvent,"955,1016,1022"
1757931086.033921,192.168.3.10,40260,192.168.2.20,8080,tcp,3.003071,0,0,2025-09-15 10:11:26.033921003,2025-09-15 12:11:26.033921003,2025-09-15 12:11:26,TCPScanEvent,"1017,1019"
1757931089.039223,192.168.3.10,40274,192.168.2.20,8080,tcp,0.002793,517,2166,2025-09-15 10:11:29.039222956,2025-09-15 12:11:29.039222956,2025-09-15 12:11:29,TCPScanEvent,"1017,1019"
1757931089.04467,192.168.3.10,40282,192.168.2.20,8080,tcp,0.003641,149,235,2025-09-15 10:11:29.044670105,2025-09-15 12:11:29.044670105,2025-09-15 12:11:29,TCPScanEvent,"1017,1019"
1757931086.072146,192.168.3.10,53066,192.168.2.10,80,tcp,3.003188,0,0,2025-09-15 10:11:26.072145939,2025-09-15 12:11:26.072145939,2025-09-15 12:11:26,TCPScanEvent,"936,937,940,942,955,1016,1022"
1757931086.071928,192.168.3.10,51902,192.168.2.10,22,tcp,3.003659,0,41,2025-09-15 10:11:26.071928024,2025-09-15 12:11:26.071928024,2025-09-15 12:11:26,TCPScanEvent,"955,1016,1022"
1757931086.072737,192.168.3.10,55988,192.168.2.10,8080,tcp,3.002935,0,0,2025-09-15 10:11:26.072736979,2025-09-15 12:11:26.072736979,2025-09-15 12:11:26,TCPScanEvent,"955,1016,1022"
1757931089.074944,192.168.2.10,58638,192.168.0.11,5000,tcp,0.126063,0,0,2025-09-15 10:11:29.074944019,2025-09-15 12:11:29.074944019,2025-09-15 12:11:29,benign,
1757931090.034468,192.168.3.10,53080,192.168.2.10,80,tcp,0.002918,517,406,2025-09-15 10:11:30.034467936,2025-09-15 12:11:30.034467936,2025-09-15 12:11:30,TCPScanEvent,"936,937,940,942,955,1016,1022"
1757931090.041923,192.168.3.10,53096,192.168.2.10,80,tcp,0.004737,144,281,2025-09-15 10:11:30.041923046,2025-09-15 12:11:30.041923046,2025-09-15 12:11:30,TCPScanEvent,"936,937,940,942,955,1016,1022"
1757931090.047465,192.168.3.10,56004,192.168.2.10,8080,tcp,0.062474,768,2258,2025-09-15 10:11:30.047465086,2025-09-15 12:11:30.047465086,2025-09-15 12:11:30,TCPScanEvent,"955,1016,1022"
1757931090.050757,192.168.2.10,58646,192.168.0.11,5000,tcp,0.05952,768,2258,2025-09-15 10:11:30.050756931,2025-09-15 12:11:30.050756931,2025-09-15 12:11:30,benign,
1757931090.978839,192.168.0.10,33246,192.168.2.20,8080,tcp,0.003641,219,956,2025-09-15 10:11:30.978838921,2025-09-15 12:11:30.978838921,2025-09-15 12:11:31,log4shell_exploitation_log4shell-exploiter-_attack-t1203-_attack-t1110,966
1757931099.111037,192.168.3.10,41412,192.168.2.23,1515,tcp,0.003532,506,1993,2025-09-15 10:11:39.111037016,2025-09-15 12:11:39.111037016,2025-09-15 12:11:39,benign,
1757931101.341347,192.168.3.10,51604,192.168.2.20,8000,tcp,0.000171,0,0,2025-09-15 10:11:41.341346979,2025-09-15 12:11:41.341346979,2025-09-15 12:11:41,benign,
1757931101.344671,192.168.3.10,51616,192.168.2.20,8000,tcp,0.000446,0,0,2025-09-15 10:11:41.344671011,2025-09-15 12:11:41.344671011,2025-09-15 12:11:41,benign,
1757931101.346807,192.168.3.10,51620,192.168.2.20,8000,tcp,0.000104,0,0,2025-09-15 10:11:41.346807003,2025-09-15 12:11:41.346807003,2025-09-15 12:11:41,benign,
1757931101.348878,192.168.3.10,41088,192.168.2.20,9600,tcp,0.000352,0,0,2025-09-15 10:11:41.348877907,2025-09-15 12:11:41.348877907,2025-09-15 12:11:41,benign,
1757931101.350865,192.168.3.10,41104,192.168.2.20,9600,tcp,0.000267,0,0,2025-09-15 10:11:41.350864887,2025-09-15 12:11:41.350864887,2025-09-15 12:11:41,benign,
1757931101.352711,192.168.3.10,41114,192.168.2.20,9600,tcp,0.000113,0,0,2025-09-15 10:11:41.352710962,2025-09-15 12:11:41.352710962,2025-09-15 12:11:41,benign,
1757931101.354791,192.168.3.10,34112,192.168.2.20,8080,tcp,0.002384,235,959,2025-09-15 10:11:41.354790926,2025-09-15 12:11:41.354790926,2025-09-15 12:11:41,log4shell_exploitation_log4shell-exploiter-_attack-t1203-_attack-t1110,"685,762"
1757931101.418995,192.168.3.10,51974,192.168.2.10,8000,tcp,0.001266,235,553,2025-09-15 10:11:41.418994904,2025-09-15 12:11:41.418994904,2025-09-15 12:11:41,benign,
1757931106.38704,192.168.3.10,38416,192.168.2.20,8080,tcp,0.003255,344,987,2025-09-15 10:11:46.387039900,2025-09-15 12:11:46.387039900,2025-09-15 12:11:46,log4shell_exploitation_log4shell-exploiter-_attack-t1203-_attack-t1110,"586,685"
1757931106.450319,192.168.3.10,51010,192.168.2.10,8000,tcp,0.001612,344,553,2025-09-15 10:11:46.450319052,2025-09-15 12:11:46.450319052,2025-09-15 12:11:46,benign,
1757931084.706578,192.168.3.10,48046,192.168.0.10,8080,tcp,21.85968,41,0,2025-09-15 10:11:24.706578016,2025-09-15 12:11:24.706578016,2025-09-15 12:11:25,benign,
1757931106.565721,192.168.3.20,45448,192.168.0.10,8080,tcp,0.056454,783,2128,2025-09-15 10:11:46.565721035,2025-09-15 12:11:46.565721035,2025-09-15 12:11:47,benign,
1757931106.564472,192.168.3.20,42616,192.168.0.11,5000,tcp,0.061306,783,2128,2025-09-15 10:11:46.564471960,2025-09-15 12:11:46.564471960,2025-09-15 12:11:47,benign,
1757931106.571473,192.168.3.10,50632,192.168.0.11,5000,tcp,0.055016,783,2128,2025-09-15 10:11:46.571472883,2025-09-15 12:11:46.571472883,2025-09-15 12:11:47,benign,
1757931108.707351,192.168.3.20,42638,192.168.0.11,5000,tcp,0.000855,41,0,2025-09-15 10:11:48.707350969,2025-09-15 12:11:48.707350969,2025-09-15 12:11:49,benign,
1757931106.632396,192.168.3.20,42624,192.168.0.11,5000,tcp,2.12241,18241,74664,2025-09-15 10:11:46.632395983,2025-09-15 12:11:46.632395983,2025-09-15 12:11:47,benign,
1757931111.412119,192.168.3.10,38418,192.168.2.20,8080,tcp,0.003019,219,956,2025-09-15 10:11:51.412118912,2025-09-15 12:11:51.412118912,2025-09-15 12:11:51,log4shell_exploitation_log4shell-exploiter-_attack-t1203-_attack-t1110,586
1757931111.475332,192.168.3.10,51018,192.168.2.10,8000,tcp,0.001663,219,0,2025-09-15 10:11:51.475332022,2025-09-15 12:11:51.475332022,2025-09-15 12:11:51,benign,
1757931111.48027,192.168.3.10,35626,192.168.2.10,9600,tcp,0.000123,0,0,2025-09-15 10:11:51.480269909,2025-09-15 12:11:51.480269909,2025-09-15 12:11:51,benign,
1757931111.482681,192.168.3.10,35636,192.168.2.10,9600,tcp,0.000106,0,0,2025-09-15 10:11:51.482681036,2025-09-15 12:11:51.482681036,2025-09-15 12:11:51,benign,
1757931111.484802,192.168.3.10,35642,192.168.2.10,9600,tcp,8.5e-05,0,0,2025-09-15 10:11:51.484802008,2025-09-15 12:11:51.484802008,2025-09-15 12:11:51,benign,
1757931111.488304,192.168.2.10,59474,192.168.0.11,5000,tcp,0.002284,235,0,2025-09-15 10:11:51.488303900,2025-09-15 12:11:51.488303900,2025-09-15 12:11:51,benign,
1757931111.487138,192.168.3.10,47944,192.168.2.10,8080,tcp,0.00397,235,0,2025-09-15 10:11:51.487138033,2025-09-15 12:11:51.487138033,2025-09-15 12:11:51,benign,
1757931111.494792,192.168.2.10,59476,192.168.0.11,5000,tcp,0.001188,344,0,2025-09-15 10:11:51.494791985,2025-09-15 12:11:51.494791985,2025-09-15 12:11:51,benign,
1757931111.493688,192.168.3.10,47950,192.168.2.10,8080,tcp,0.002595,344,0,2025-09-15 10:11:51.493688107,2025-09-15 12:11:51.493688107,2025-09-15 12:11:51,benign,
1757931111.499094,192.168.2.10,59492,192.168.0.11,5000,tcp,0.000786,219,0,2025-09-15 10:11:51.499094009,2025-09-15 12:11:51.499094009,2025-09-15 12:11:51,benign,
1757931111.498636,192.168.3.10,47960,192.168.2.10,8080,tcp,0.001514,219,0,2025-09-15 10:11:51.498636007,2025-09-15 12:11:51.498636007,2025-09-15 12:11:51,benign,
1757931112.576656,192.168.3.10,42582,192.168.2.10,22,tcp,0.408324,15565848,51233,2025-09-15 10:11:52.576656103,2025-09-15 12:11:52.576656103,2025-09-15 12:11:53,ssh_exploitation_ssh-exploiter-_attack-t1021-_attack-t1105-_attack-t1222-_attack-t1059,"569,570"
1757931106.68276,192.168.3.20,45460,192.168.0.10,8080,tcp,7.092851,41,0,2025-09-15 10:11:46.682760000,2025-09-15 12:11:46.682760000,2025-09-15 12:11:47,benign,
1757931113.775119,192.168.2.10,38704,192.168.0.10,8080,tcp,0.051331,783,2128,2025-09-15 10:11:53.775119066,2025-09-15 12:11:53.775119066,2025-09-15 12:11:54,benign,
1757931113.774716,192.168.2.10,38926,192.168.3.10,8080,tcp,0.052499,783,2128,2025-09-15 10:11:53.774715900,2025-09-15 12:11:53.774715900,2025-09-15 12:11:54,benign,
1757931113.776691,192.168.3.10,49650,192.168.0.11,5000,tcp,0.050778,783,2128,2025-09-15 10:11:53.776690960,2025-09-15 12:11:53.776690960,2025-09-15 12:11:54,benign,
1757931113.772456,192.168.2.10,45746,192.168.0.11,5000,tcp,0.055579,783,2128,2025-09-15 10:11:53.772455931,2025-09-15 12:11:53.772455931,2025-09-15 12:11:54,benign,
1757931114.02223,192.168.2.10,45772,192.168.0.11,5000,tcp,0.000894,41,0,2025-09-15 10:11:54.022229910,2025-09-15 12:11:54.022229910,2025-09-15 12:11:54,benign,
1757931113.833762,192.168.2.10,45756,192.168.0.11,5000,tcp,2.122483,7820,3309,2025-09-15 10:11:53.833761930,2025-09-15 12:11:53.833761930,2025-09-15 12:11:54,benign,
1757931113.886695,192.168.2.10,38708,192.168.0.10,8080,tcp,2.503623,41,0,2025-09-15 10:11:53.886694908,2025-09-15 12:11:53.886694908,2025-09-15 12:11:54,benign,
1757931070.673085,192.168.0.10,8,192.168.2.10,0,icmp,0.000911,112,112,2025-09-15 10:11:10.673084974,2025-09-15 12:11:10.673084974,2025-09-15 12:11:11,TCPScanEvent,"1089,1114,1118"
1757931070.673997,192.168.0.10,8,192.168.2.20,0,icmp,0.000234,112,112,2025-09-15 10:11:10.673996925,2025-09-15 12:11:10.673996925,2025-09-15 12:11:11,TCPScanEvent,"1115,1117"
1757931073.599448,192.168.0.10,8,192.168.3.10,0,icmp,0.000382,112,112,2025-09-15 10:11:13.599447966,2025-09-15 12:11:13.599447966,2025-09-15 12:11:14,TCPScanEvent,"1081,1082,1083"
1757931086.014306,192.168.3.10,8,192.168.2.10,0,icmp,0.000415,112,112,2025-09-15 10:11:26.014306068,2025-09-15 12:11:26.014306068,2025-09-15 12:11:26,TCPScanEvent,"955,1016,1022"
1757931086.015387,192.168.3.10,8,192.168.2.20,0,icmp,0.00036,112,112,2025-09-15 10:11:26.015387058,2025-09-15 12:11:26.015387058,2025-09-15 12:11:26,TCPScanEvent,"1017,1019"
1757931146.57698,192.168.3.10,46780,192.168.0.11,5000,tcp,0.046521,768,2258,2025-09-15 10:12:26.576980114,2025-09-15 12:12:26.576980114,2025-09-15 12:12:27,benign,
1757931146.575841,192.168.2.10,50394,192.168.3.10,8080,tcp,0.047366,768,2258,2025-09-15 10:12:26.575840950,2025-09-15 12:12:26.575840950,2025-09-15 12:12:27,TCPScanEvent,"43,81,82"
1757931146.573564,192.168.2.10,34156,192.168.3.10,80,tcp,0.00172,144,281,2025-09-15 10:12:26.573564053,2025-09-15 12:12:26.573564053,2025-09-15 12:12:27,TCPScanEvent,"39,40,41,42,43,81,82"
1757931146.571384,192.168.2.10,34142,192.168.3.10,80,tcp,0.001053,517,406,2025-09-15 10:12:26.571383953,2025-09-15 12:12:26.571383953,2025-09-15 12:12:27,TCPScanEvent,"39,40,41,42,43,81,82"
1757931143.567488,192.168.2.10,60946,192.168.3.10,8983,tcp,0.000623,0,0,2025-09-15 10:12:23.567487955,2025-09-15 12:12:23.567487955,2025-09-15 12:12:24,TCPScanEvent,"43,81,82"
1757931143.567472,192.168.2.10,48488,192.168.3.10,8088,tcp,0.000624,0,0,2025-09-15 10:12:23.567471981,2025-09-15 12:12:23.567471981,2025-09-15 12:12:24,TCPScanEvent,"43,81,82"
1757931143.567456,192.168.2.10,50384,192.168.3.10,8080,tcp,3.002857,0,0,2025-09-15 10:12:23.567456007,2025-09-15 12:12:23.567456007,2025-09-15 12:12:24,TCPScanEvent,"43,81,82"
1757931146.56901,192.168.3.10,46766,192.168.0.11,5000,tcp,0.001763,0,0,2025-09-15 10:12:26.569010019,2025-09-15 12:12:26.569010019,2025-09-15 12:12:27,benign,
1757931143.567423,192.168.2.10,59182,192.168.3.10,7001,tcp,0.000615,0,0,2025-09-15 10:12:23.567423105,2025-09-15 12:12:23.567423105,2025-09-15 12:12:24,TCPScanEvent,"43,81,82"
1757931143.567406,192.168.2.10,49388,192.168.3.10,5986,tcp,0.000615,0,0,2025-09-15 10:12:23.567405939,2025-09-15 12:12:23.567405939,2025-09-15 12:12:24,TCPScanEvent,"43,81,82"
1757931143.56737,192.168.2.10,36484,192.168.3.10,3389,tcp,0.000622,0,0,2025-09-15 10:12:23.567369938,2025-09-15 12:12:23.567369938,2025-09-15 12:12:24,TCPScanEvent,"43,81,82"
1757931143.567354,192.168.2.10,34026,192.168.3.10,3306,tcp,0.000576,0,0,2025-09-15 10:12:23.567353964,2025-09-15 12:12:23.567353964,2025-09-15 12:12:24,TCPScanEvent,"43,81,82"
1757931143.567337,192.168.2.10,34306,192.168.3.10,2222,tcp,0.000528,0,0,2025-09-15 10:12:23.567337036,2025-09-15 12:12:23.567337036,2025-09-15 12:12:24,TCPScanEvent,"43,81,82"
1757931143.567317,192.168.2.10,54084,192.168.3.10,445,tcp,0.000452,0,0,2025-09-15 10:12:23.567317009,2025-09-15 12:12:23.567317009,2025-09-15 12:12:24,TCPScanEvent,"43,81,82"
1757931143.567296,192.168.2.10,58236,192.168.3.10,443,tcp,0.000456,0,0,2025-09-15 10:12:23.567296028,2025-09-15 12:12:23.567296028,2025-09-15 12:12:24,TCPScanEvent,"43,81,82"
1757931143.567275,192.168.2.10,49572,192.168.3.10,135,tcp,0.000381,0,0,2025-09-15 10:12:23.567275047,2025-09-15 12:12:23.567275047,2025-09-15 12:12:24,TCPScanEvent,"43,81,82"
1757931143.567252,192.168.2.10,34134,192.168.3.10,80,tcp,3.001879,0,0,2025-09-15 10:12:23.567251921,2025-09-15 12:12:23.567251921,2025-09-15 12:12:24,TCPScanEvent,"39,40,41,42,43,81,82"
1757931143.567439,192.168.2.10,48278,192.168.3.10,8008,tcp,0.000619,0,0,2025-09-15 10:12:23.567439079,2025-09-15 12:12:23.567439079,2025-09-15 12:12:24,TCPScanEvent,"43,81,82"
1757931143.567224,192.168.2.10,40534,192.168.3.10,22,tcp,3.002716,0,41,2025-09-15 10:12:23.567224026,2025-09-15 12:12:23.567224026,2025-09-15 12:12:24,TCPScanEvent,"43,81,82"
1757931143.565584,192.168.2.10,8,192.168.3.10,0,icmp,0.000395,112,112,2025-09-15 10:12:23.565583944,2025-09-15 12:12:23.565583944,2025-09-15 12:12:24,TCPScanEvent,"43,81,82"
1757931113.887118,192.168.2.10,38936,192.168.3.10,8080,tcp,29.681305,41,0,2025-09-15 10:11:53.887118101,2025-09-15 12:11:53.887118101,2025-09-15 12:11:54,benign,
1757931084.660445,192.168.3.10,40064,192.168.0.11,5000,tcp,61.093047,164600,38642438,2025-09-15 10:11:24.660444975,2025-09-15 12:11:24.660444975,2025-09-15 12:11:25,benign,
1757931143.567386,192.168.2.10,40386,192.168.3.10,5985,tcp,0.000621,0,0,2025-09-15 10:12:23.567385912,2025-09-15 12:12:23.567385912,2025-09-15 12:12:24,TCPScanEvent,"43,81,82"
1757931081.864456,192.168.2.10,47096,192.168.0.11,5000,tcp,61.049051,158596,23104319,2025-09-15 10:11:21.864455938,2025-09-15 12:11:21.864455938,2025-09-15 12:11:22,benign,
1757931035.698187,192.168.2.20,40938,192.168.0.20,8888,tcp,106.041791,2298,735,2025-09-15 10:10:35.698187113,2025-09-15 12:10:35.698187113,2025-09-15 12:10:36,benign,
1757931011.585799,192.168.2.20,40930,192.168.0.20,8888,tcp,132.077004,3064,980,2025-09-15 10:10:11.585798979,2025-09-15 12:10:11.585798979,2025-09-15 12:10:12,benign,
1757931013.296834,10.10.2.1,59028,192.168.0.20,8888,tcp,110.153871,2395,735,2025-09-15 10:10:13.296833992,2025-09-15 12:10:13.296833992,2025-09-15 12:10:13,benign,
1757931016.661246,192.168.2.10,39280,192.168.0.20,8888,tcp,124.089602,3080,980,2025-09-15 10:10:16.661246061,2025-09-15 12:10:16.661246061,2025-09-15 12:10:17,benign,
1757931014.136721,10.10.3.1,37258,192.168.2.23,1514,tcp,130.775425,15192,1246,2025-09-15 10:10:14.136720896,2025-09-15 12:10:14.136720896,2025-09-15 12:10:14,benign,
1757931007.577147,192.168.3.10,53652,192.168.0.20,8888,tcp,130.647926,2310,735,2025-09-15 10:10:07.577147007,2025-09-15 12:10:07.577147007,2025-09-15 12:10:08,benign,
1757931019.440933,192.168.3.10,53650,192.168.0.20,8888,tcp,118.189217,2311,735,2025-09-15 10:10:19.440932989,2025-09-15 12:10:19.440932989,2025-09-15 12:10:19,benign,
1757931027.636864,192.168.2.10,39282,192.168.0.20,8888,tcp,93.085515,2311,735,2025-09-15 10:10:27.636863947,2025-09-15 12:10:27.636863947,2025-09-15 12:10:28,benign,
